para,value,std
A,36.329,3.999238688
B,36.862,3.742157425
C,2.285,0.87945051
D,35.071,3.394505758
E,24.972,2.370997155
F,1.574,0.493693141
G,3.988,0.958084274
H,126.056,15.50036107
I,3.73,1.277154034
J,163.866,41.22861173
K,50.821,12.88842465
L,0.6374,3.833013919
M,38.721,4.571762203
N,162.62,40.8759335
O,24.784,2.204218764
P,134.485,18.01189826
Q,34.915,3.466577244
R,129.168,17.38152676
S,36.417,3.7290129
T,10.889,3.564220264
